Marcelo Cronin,janelle57,earlene.fritsch@hansen.com,veritatis-quaerat-dicta-laboriosam-temporibus-perspiciatis-voluptas-quo-ea,81.090631
Electa Herzog DVM,oswald67,kari68@mueller.com,distinctio-eum-voluptatem-quis-non-ipsam-qui-asperiores,154.417997
Maryjane Murray Jr.,vladimir11,josefa.zulauf@jacobs.net,ad-sit-quo-aut-incidunt-labore-id-ipsam,-62.558064
Ari Mueller PhD,esteban16,lemke.elwin@hotmail.com,quaerat-in-voluptates-quod-accusamus-rerum,-152.013537
Dr. King Abernathy DDS,iarmstrong,zmueller@hotmail.com,a-enim-quia-perferendis-ratione-aut-dolor,-122.186147
Ephraim Schuster,corine.kovacek,murray.regan@yahoo.com,error-minima-odit-beatae-rerum,-170.411534
Elaina Lynch,fay.thelma,hcole@hotmail.com,cupiditate-aut-alias-expedita-maxime,120.003522
Lulu Lang,galtenwerth,aidan.wiza@gmail.com,ea-eaque-quia-qui-reprehenderit,-15.590401
Miss Rebekah Kozey,chris56,yyundt@stokes.com,earum-nemo-ullam-doloribus-quod-esse-enim-nobis,-101.180249
Krystal Herzog,hbruen,tatyana29@cummerata.org,cumque-eaque-ducimus-odit-eos,137.754735
Dr. Abdul Abshire IV,danny64,zboncak.yvette@yahoo.com,odio-voluptates-quidem-totam-quisquam,-13.417081
Wellington Macejkovic,lueilwitz.marty,therese22@gmail.com,velit-dicta-dicta-neque-reprehenderit-ab,71.642371
Pearl Zieme,lowell.parker,padberg.antoinette@feil.com,ducimus-id-quod-voluptatem-necessitatibus-quam-sed-quia,-135.92359
Armand Howell,doyle.lysanne,dbeier@hotmail.com,fuga-aliquid-omnis-sit-enim,-165.128786
Chaz Hermiston PhD,mwyman,wilton03@yahoo.com,dolorem-accusamus-adipisci-voluptatum-aperiam,1.324539
Aaliyah Kuhn V,pbeier,toy.elnora@yahoo.com,quo-quis-quis-facilis-reprehenderit-atque-velit-soluta,-97.545539
David Glover PhD,wkessler,shyann06@yahoo.com,quidem-nostrum-unde-sapiente-repellendus-exercitationem-et-est,-161.755887
Josh D'Amore DDS,hayley77,zmarvin@heathcote.info,quidem-dolore-expedita-voluptates-doloribus-nisi-veritatis-asperiores,16.111589
Gloria Stiedemann,gtoy,lucio.bernhard@christiansen.com,velit-qui-cupiditate-doloremque-est,-157.194971
Regan Paucek,ogrady,kenya.mraz@gmail.com,dolorem-ad-et-enim-nam-rerum-quibusdam-reprehenderit,-135.242483
Michale Mills,eloy.jacobs,adaline46@gmail.com,corporis-culpa-quae-est-nulla-libero,-31.768191
Fritz Grimes,jon.oreilly,helene.tillman@yahoo.com,cupiditate-dolore-sed-suscipit-inventore,132.414843
Alan Torp,zbogan,abigayle98@gmail.com,velit-velit-aut-adipisci-sit-soluta-beatae-est,-132.231889
Prof. Gage Corkery II,willow.fisher,earline.mante@kovacek.com,perferendis-et-unde-aut-odio-et,-109.139601
Vincenzo Adams,fkshlerin,tharris@mosciski.com,autem-facere-rerum-quod-sapiente-aut-et-consequuntur,167.177529
Wendy Nader,mclaughlin.adeline,wunsch.adella@moen.com,nemo-voluptatibus-nam-porro-qui-minima-consequatur,147.907635
Desmond Lynch,ruthie96,hermann.skiles@corwin.info,quia-in-temporibus-nobis,83.348482
Chandler Metz IV,bernhard98,leslie.bergnaum@kirlin.com,dolor-nemo-et-itaque-aut,-109.090322
Antwan Zieme,bette.rutherford,wilkinson.dion@olson.net,ratione-quos-accusamus-neque-debitis-consectetur,-144.531919
Damion Gottlieb,bill.flatley,jazmin.schiller@hotmail.com,earum-saepe-eius-itaque-laudantium-minima-quos,19.381965
Prof. Lucile Hammes,hyatt.janis,aboyer@yahoo.com,fuga-non-excepturi-nihil-aut-corporis-culpa,123.168496
Wyatt Rath,mitchel14,morris24@gmail.com,consequatur-fuga-eum-accusantium-ducimus-labore-voluptatem-animi-qui,149.818905
Dr. Demarco Upton V,morissette.rahsaan,elise69@yahoo.com,quidem-fugiat-et-iure-dolorem-sit,-178.320617
Peyton Marvin MD,sporer.yasmine,shyanne63@yahoo.com,qui-architecto-consequuntur-dolorum,-158.311358
Jacky Terry,pkihn,west.abe@gmail.com,est-eius-non-ut-sint,-52.702875
Nikki Gaylord,ischneider,glennie76@tromp.com,aut-doloribus-eligendi-quos-sapiente-recusandae,75.421026
Bria O'Keefe,jennings27,donnell68@yahoo.com,quas-fugiat-est-dignissimos-id-dolore-vero-est,-127.810056
Prof. Allan Jones Jr.,josephine78,armani19@hotmail.com,facilis-qui-inventore-et-qui-occaecati-velit-soluta,-119.23848
Earl Gislason,otha.will,carmen81@yahoo.com,esse-velit-eligendi-facere-sed-qui,176.610588
Ms. Macy Quitzon,dusty55,freida.gislason@hotmail.com,minima-debitis-ullam-inventore-eum-error-voluptas-qui,148.754729
Ms. Gloria Schneider,istokes,myron87@gmail.com,quia-ut-expedita-aut-laboriosam,34.611603
Roosevelt Jones,brown.leslie,mcglynn.meda@gmail.com,occaecati-facilis-voluptas-voluptatem-unde,23.734488
Vallie McClure,afton.green,hayden55@boyle.info,minus-est-ut-ut-quo-cum,-162.235063
Casimer Cronin,dewayne49,mazie14@dietrich.com,temporibus-inventore-non-est-quo-id-reprehenderit-quo-a,95.719921
Kaylee Stracke I,dane.lemke,tillman.walton@gmail.com,molestiae-vel-quia-et,57.913622
Kaylin O'Connell,jude.conroy,scarlett.boyer@gmail.com,iste-odio-veritatis-voluptatem-aut-quis-labore-molestias,-150.692492
Genesis Howell,mlind,qjohnson@hotmail.com,fugit-non-voluptatem-perspiciatis-quos-sed,78.83193
Mrs. Cydney Erdman,shakira.corwin,jacobson.darion@ankunding.biz,dolores-corporis-velit-dicta-et-qui-voluptas-labore,133.007886
Luisa Price PhD,shanahan.mossie,zfay@yahoo.com,reiciendis-optio-perspiciatis-esse-impedit-sed-aliquid-suscipit,-81.68815
Olen Cummerata MD,obie.hamill,mortimer44@gmail.com,odit-optio-molestiae-quis-sit,-124.612208
Chadd Beahan,elna.waelchi,fconroy@hotmail.com,inventore-earum-totam-cupiditate-quis-aut-asperiores-vero-doloremque,51.503997
Barbara Hauck,sadie32,lennie.price@gmail.com,dolor-magni-ipsam-et,-127.327764
Vicente Baumbach,gerlach.berry,rosamond.cartwright@bartell.org,iste-hic-ipsum-voluptas-rem-reprehenderit-ut,59.551681
Emilia Baumbach,huel.easton,gustave.donnelly@hotmail.com,nobis-facilis-eius-ad-suscipit-repellendus-itaque-sed-magni,96.801015
Delia McLaughlin,boyle.charley,hansen.danielle@kulas.net,qui-temporibus-iure-eum-corrupti-reiciendis-qui,56.846988
Samara Mayer,pwiza,zulauf.ashlynn@hotmail.com,natus-ducimus-distinctio-aut-sunt-omnis-dolorem-officiis,-48.250456
Una Shields,afton22,qhahn@hotmail.com,illum-tempora-a-explicabo,-152.734108
Deangelo Bosco,wmarquardt,tania88@yahoo.com,autem-non-quis-eos-blanditiis,-52.513948
Dr. Anissa Muller DVM,kuhic.gretchen,kade54@gmail.com,suscipit-sit-quo-aliquam-et-explicabo-iste-voluptate,-64.231865
Kaia Schneider,vinnie36,jeanne.rolfson@gmail.com,nihil-iste-optio-vel-consequatur-voluptatum-quia,174.752688
Roslyn Miller,mitchell.zack,efrain.kerluke@conn.com,nulla-adipisci-velit-ipsum-sunt,-74.164097
Prof. Berry Franecki Jr.,adelia.emmerich,rosenbaum.aliza@hilpert.com,placeat-sequi-qui-adipisci-repellat-sit,133.770715
Dejah Witting,dillan.heathcote,jamal.fadel@hotmail.com,blanditiis-excepturi-est-excepturi-quia-aut-ab-ea,106.366157
Gino Nader,annabelle41,nkuhn@gmail.com,nulla-magni-sit-sed-atque-deserunt-animi,10.056033
Ashly Greenholt DVM,jasmin.vandervort,gbruen@carroll.net,necessitatibus-velit-minima-excepturi-accusantium,-88.982669
Monserrat Harris,icrooks,owen53@kling.com,repudiandae-dolore-est-eos-impedit-ipsam-nostrum-et,-72.83965
Dr. Tate Leannon,dudley33,precious.rodriguez@konopelski.com,voluptatem-est-et-nesciunt,-170.496659
Prof. Clifton Pfeffer MD,mertz.arnold,shanel19@kovacek.org,earum-porro-praesentium-consectetur,-56.097092
Miss Karianne Altenwerth DVM,hellen97,medhurst.eusebio@hotmail.com,ut-eum-asperiores-qui-iste,14.15491
Emmalee Okuneva DDS,ulices.white,maurice48@hotmail.com,sunt-possimus-error-sit-porro-voluptas-voluptas-quis-dicta,-78.525441
Roosevelt Kshlerin,trystan.mcclure,nhaley@hotmail.com,quisquam-dolor-nihil-tempore,-60.509284
Abdullah Cassin Sr.,catharine.marvin,kiehn.lula@yahoo.com,nihil-non-molestiae-iste-odit-unde,-150.806746
Jeanne Langworth Sr.,matilda.cronin,gleason.micheal@stiedemann.com,quas-veniam-qui-excepturi-ea-est-enim-nostrum,13.238204
Rebeka Crona MD,emmerich.abbigail,rodriguez.joannie@gmail.com,at-exercitationem-aut-saepe-animi-voluptates,131.563843
Dr. Vada Steuber PhD,toney.bergnaum,xzavier87@johnston.com,suscipit-possimus-alias-unde-et-in-perferendis-et,43.81085
Jasen Crooks,oreilly.marques,orn.jacklyn@mraz.com,ea-fugit-qui-nesciunt-in,-39.382565
Hudson Thiel,floy86,aufderhar.aliza@rutherford.net,nam-a-ad-fugiat-voluptate,98.311199
Prof. Juanita Auer Sr.,brakus.buster,piper27@hotmail.com,delectus-vitae-perspiciatis-beatae-molestiae-et-consectetur,42.222255
Austyn Daniel,frank.pfannerstill,peichmann@schuppe.com,quod-voluptatem-commodi-reiciendis-et-eos-delectus,-87.068287
Dr. Ola Roob DDS,gisselle.walter,ehermann@jast.biz,perferendis-est-id-rerum,-103.916418
Prof. Chester Kuvalis III,stiedemann.carroll,rhiannon.kozey@yahoo.com,autem-nobis-enim-quo-quasi-et-odit-amet-ullam,-72.494411
Adaline Bogan,nicolette.mante,kkirlin@yahoo.com,totam-fugit-sit-numquam-officia-perferendis-aut,88.781076
Jett Welch,flatley.casandra,mgibson@gmail.com,dicta-sit-illo-et-magnam-est-reiciendis-eveniet,-73.027937
Jevon McCullough,stoltenberg.frederic,deshawn.hodkiewicz@gmail.com,quod-vitae-voluptates-corporis-doloribus,-8.106512
Destini Oberbrunner,ogoldner,smcglynn@hotmail.com,quasi-tempora-enim-vel-quas-aliquam,169.452879
Audra Kemmer,buck08,raymundo.kohler@haley.com,autem-magnam-recusandae-natus-laborum-quas,83.911977
Dudley Mohr,chance02,elnora.volkman@hotmail.com,minima-aliquam-itaque-tempora-occaecati-tempore-consectetur-maxime,28.074296
Keon Wehner MD,alicia82,dominique.lesch@krajcik.biz,fugit-quam-possimus-quo-vero-mollitia-rerum-velit,108.751387
Emely Kihn,dietrich.oscar,mariana36@hotmail.com,quo-facere-debitis-architecto-esse-rerum-magni-rerum-nemo,-2.002157
Prof. Mekhi Halvorson IV,orion.breitenberg,bdaniel@yahoo.com,eos-adipisci-tempora-ut-consequatur-et-sint,135.376245
Tabitha Kiehn,xkub,zgorczany@luettgen.net,maiores-rerum-aliquam-sequi-aliquid-id-velit,50.420435
Brent Reichel,zena.murazik,lheathcote@green.com,non-est-ipsam-sed-eligendi-voluptatum-hic,16.877258
Cooper Stroman,florine99,nicolas.herzog@gmail.com,consequatur-voluptatem-voluptatem-voluptatem-voluptatem-qui-et-tempore,142.023733
Jovany Bashirian,jschowalter,zakary.sauer@hotmail.com,explicabo-accusantium-nam-autem-aspernatur-tempora,169.769962
Domenick Sporer,ebert.clyde,seichmann@kling.org,itaque-eos-assumenda-at,-95.069042
Daphnee Moore,krajcik.rahul,kaela28@nicolas.org,minus-quis-id-assumenda-exercitationem,74.192512
Mrs. Florence Beier IV,conroy.devante,allan.halvorson@yahoo.com,et-velit-nobis-hic-dolorum-aut,43.027854
Ms. Luisa Quitzon DDS,dasia89,uschamberger@walsh.com,soluta-aut-aut-repudiandae-eaque,-62.129072
Danyka Rice,walter.jaquan,nedra98@olson.com,ut-expedita-iste-voluptas-quae-quam-iure,-179.080207
Gage Nienow V,coty.champlin,alyce26@dooley.biz,fuga-ut-quibusdam-ex-at-quia-quae-molestias-aut,-83.090631